image_file,correct_emotion,thisN,thisTrialN,thisRepN,btn_anger.numClicks,btn_anger.timesOn,btn_anger.timesOff,btn_disgust.numClicks,btn_disgust.timesOn,btn_disgust.timesOff,btn_fear.numClicks,btn_fear.timesOn,btn_fear.timesOff,btn_happiness.numClicks,btn_happiness.timesOn,btn_happiness.timesOff,btn_neutrality.numClicks,btn_neutrality.timesOn,btn_neutrality.timesOff,btn_sadness.numClicks,btn_sadness.timesOn,btn_sadness.timesOff,trials.thisRepN,trials.thisTrialN,trials.thisN,trials.thisIndex,thisRow.t,notes,trial.started,imageStim.started,btn_anger.started,btn_disgust.started,btn_fear.started,btn_happiness.started,btn_neutrality.started,btn_sadness.started,imageStim.stopped,trial.stopped,trials.btn_anger.numClicks,trials.btn_anger.timesOn,trials.btn_anger.timesOff,clickedEmotion,correct,trials.btn_disgust.numClicks,trials.btn_disgust.timesOn,trials.btn_disgust.timesOff,trials.btn_fear.numClicks,trials.btn_fear.timesOn,trials.btn_fear.timesOff,trials.btn_happiness.numClicks,trials.btn_happiness.timesOn,trials.btn_happiness.timesOff,trials.btn_neutrality.numClicks,trials.btn_neutrality.timesOn,trials.btn_neutrality.timesOff,trials.btn_sadness.numClicks,trials.btn_sadness.timesOn,trials.btn_sadness.timesOff,participant,session,date,expName,expVersion,psychopyVersion,frameRate,expStart,
faces/140_y_f_n_b.jpg,neutrality,0,0,0,1,[7.491404800006421],[7.491407599998638],0,,,0,,,0,,,0,,,0,,,0,0,0,57,0.12053769998601638,,0.1016370999859646,0.12053769998601638,0.12053769998601638,0.12053769998601638,0.12053769998601638,0.12053769998601638,0.12053769998601638,0.12053769998601638,1.115697800007183,7.612364600005094,1,[7.491404800006421],[7.491407599998638],anger,0,0,,,0,,,0,,,0,,,0,,,pilot,001,2025-12-05_12h52.28.643,faces_experiment,,2025.1.1,140.86907764709878,2025-12-05 12h52.31.346670 +0100,
faces/079_o_f_d_a.jpg,disgust,1,1,0,1,[0.03905469999881461],[0.039057500020135194],0,,,0,,,0,,,0,,,0,,,0,1,1,26,7.71924800000852,,7.700784399989061,7.71924800000852,7.71924800000852,7.71924800000852,7.71924800000852,7.71924800000852,7.71924800000852,7.71924800000852,,7.7587080000084825,1,[0.03905469999881461],[0.039057500020135194],anger,0,0,,,0,,,0,,,0,,,0,,,pilot,001,2025-12-05_12h52.28.643,faces_experiment,,2025.1.1,140.86907764709878,2025-12-05 12h52.31.346670 +0100,
faces/140_y_f_n_a.jpg,neutrality,2,2,0,1,[0.03357429997413419],[0.033579599985387176],0,,,0,,,0,,,0,,,0,,,0,2,2,56,7.856837700004689,,7.839535799983423,7.856837700004689,7.856837700004689,7.856837700004689,7.856837700004689,7.856837700004689,7.856837700004689,7.856837700004689,,7.890822199988179,1,[0.03357429997413419],[0.033579599985387176],anger,0,0,,,0,,,0,,,0,,,0,,,pilot,001,2025-12-05_12h52.28.643,faces_experiment,,2025.1.1,140.86907764709878,2025-12-05 12h52.31.346670 +0100,
faces/066_y_m_h_b.jpg,happiness,3,3,0,1,[0.048100799991516396],[0.04810339998221025],0,,,0,,,0,,,0,,,0,,,0,3,3,19,7.979183699993882,,7.968080499995267,7.979183699993882,7.979183699993882,7.979183699993882,7.979183699993882,7.979183699993882,7.979183699993882,7.979183699993882,,8.027648999996018,1,[0.048100799991516396],[0.04810339998221025],anger,0,0,,,0,,,0,,,0,,,0,,,pilot,001,2025-12-05_12h52.28.643,faces_experiment,,2025.1.1,140.86907764709878,2025-12-05 12h52.31.346670 +0100,
faces/116_m_m_d_a.jpg,disgust,4,4,0,1,[0.06305279998923652],[0.06305579998297617],0,,,0,,,0,,,0,,,0,,,0,4,4,38,8.111646500008646,,8.101379800005816,8.111646500008646,8.111646500008646,8.111646500008646,8.111646500008646,8.111646500008646,8.111646500008646,8.111646500008646,,8.175107099988963,1,[0.06305279998923652],[0.06305579998297617],anger,0,0,,,0,,,0,,,0,,,0,,,pilot,001,2025-12-05_12h52.28.643,faces_experiment,,2025.1.1,140.86907764709878,2025-12-05 12h52.31.346670 +0100,
faces/079_o_f_d_b.jpg,disgust,5,5,0,1,[0.055274800019105896],[0.05527760001132265],0,,,0,,,0,,,0,,,0,,,0,5,5,27,8.26416339998832,,8.254195299989078,8.26416339998832,8.26416339998832,8.26416339998832,8.26416339998832,8.26416339998832,8.26416339998832,8.26416339998832,,8.319831100001466,1,[0.055274800019105896],[0.05527760001132265],anger,0,0,,,0,,,0,,,0,,,0,,,pilot,001,2025-12-05_12h52.28.643,faces_experiment,,2025.1.1,140.86907764709878,2025-12-05 12h52.31.346670 +0100,
faces/079_o_f_s_b.jpg,sadness,6,6,0,1,[0.06820440001320094],[0.06820730000617914],0,,,0,,,0,,,0,,,0,,,0,6,6,35,8.410232900001574,,8.400255299988203,8.410232900001574,8.410232900001574,8.410232900001574,8.410232900001574,8.410232900001574,8.410232900001574,8.410232900001574,,8.47882339998614,1,[0.06820440001320094],[0.06820730000617914],anger,0,0,,,0,,,0,,,0,,,0,,,pilot,001,2025-12-05_12h52.28.643,faces_experiment,,2025.1.1,140.86907764709878,2025-12-05 12h52.31.346670 +0100,
faces/079_o_f_n_b.jpg,neutrality,7,7,0,1,[0.04876730000250973],[0.04876999999396503],0,,,0,,,0,,,0,,,0,,,0,7,7,33,8.569500599987805,,8.558299700001953,8.569500599987805,8.569500599987805,8.569500599987805,8.569500599987805,8.569500599987805,8.569500599987805,8.569500599987805,,8.618630199984182,1,[0.04876730000250973],[0.04876999999396503],anger,0,0,,,0,,,0,,,0,,,0,,,pilot,001,2025-12-05_12h52.28.643,faces_experiment,,2025.1.1,140.86907764709878,2025-12-05 12h52.31.346670 +0100,
faces/004_o_m_n_b.jpg,neutrality,8,8,0,1,[0.06898859998909757],[0.06899119997979142],0,,,0,,,0,,,0,,,0,,,0,8,8,9,8.715337300003739,,8.706353999994462,8.715337300003739,8.715337300003739,8.715337300003739,8.715337300003739,8.715337300003739,8.715337300003739,8.715337300003739,,8.784692099987296,1,[0.06898859998909757],[0.06899119997979142],anger,0,0,,,0,,,0,,,0,,,0,,,pilot,001,2025-12-05_12h52.28.643,faces_experiment,,2025.1.1,140.86907764709878,2025-12-05 12h52.31.346670 +0100,
faces/116_m_m_h_a.jpg,happiness,9,9,0,1,[0.1166979999979958],[0.11670059998868965],0,,,0,,,0,,,0,,,0,,,0,9,9,42,8.8686105000088,,8.859718499996234,8.8686105000088,8.8686105000088,8.8686105000088,8.8686105000088,8.8686105000088,8.8686105000088,8.8686105000088,,8.985701300000073,1,[0.1166979999979958],[0.11670059998868965],anger,0,0,,,0,,,0,,,0,,,0,,,pilot,001,2025-12-05_12h52.28.643,faces_experiment,,2025.1.1,140.86907764709878,2025-12-05 12h52.31.346670 +0100,
faces/079_o_f_h_b.jpg,happiness,10,10,0,1,[0.08876260000397451],[0.08876509999390692],0,,,0,,,0,,,0,,,0,,,0,10,10,31,9.077131400001235,,9.065146899985848,9.077131400001235,9.077131400001235,9.077131400001235,9.077131400001235,9.077131400001235,9.077131400001235,9.077131400001235,,9.166294199996628,1,[0.08876260000397451],[0.08876509999390692],anger,0,0,,,0,,,0,,,0,,,0,,,pilot,001,2025-12-05_12h52.28.643,faces_experiment,,2025.1.1,140.86907764709878,2025-12-05 12h52.31.346670 +0100,
faces/066_y_m_d_a.jpg,disgust,11,11,0,1,[0.056255800009239465],[0.05625850000069477],0,,,0,,,0,,,0,,,0,,,0,11,11,14,9.251669699995546,,9.243229899992002,9.251669699995546,9.251669699995546,9.251669699995546,9.251669699995546,9.251669699995546,9.251669699995546,9.251669699995546,,9.30832409998402,1,[0.056255800009239465],[0.05625850000069477],anger,0,0,,,0,,,0,,,0,,,0,,,pilot,001,2025-12-05_12h52.28.643,faces_experiment,,2025.1.1,140.86907764709878,2025-12-05 12h52.31.346670 +0100,
faces/140_y_f_a_b.jpg,anger,12,12,0,1,[0.06986250000772998],[0.06986509999842383],0,,,0,,,0,,,0,,,0,,,0,12,12,49,9.395662199996877,,9.387297100009164,9.395662199996877,9.395662199996877,9.395662199996877,9.395662199996877,9.395662199996877,9.395662199996877,9.395662199996877,,9.465909399994416,1,[0.06986250000772998],[0.06986509999842383],anger,1,0,,,0,,,0,,,0,,,0,,,pilot,001,2025-12-05_12h52.28.643,faces_experiment,,2025.1.1,140.86907764709878,2025-12-05 12h52.31.346670 +0100,
faces/116_m_m_n_a.jpg,neutrality,13,13,0,1,[0.0919731000030879],[0.0919755999930203],0,,,0,,,0,,,0,,,0,,,0,13,13,44,9.549631300003966,,9.540306499984581,9.549631300003966,9.549631300003966,9.549631300003966,9.549631300003966,9.549631300003966,9.549631300003966,9.549631300003966,,9.642018699989421,1,[0.0919731000030879],[0.0919755999930203],anger,0,0,,,0,,,0,,,0,,,0,,,pilot,001,2025-12-05_12h52.28.643,faces_experiment,,2025.1.1,140.86907764709878,2025-12-05 12h52.31.346670 +0100,
faces/116_m_m_a_a.jpg,anger,14,14,0,1,[0.09534190001431853],[0.09534430000348948],0,,,0,,,0,,,0,,,0,,,0,14,14,36,9.723661199997878,,9.715186099987477,9.723661199997878,9.723661199997878,9.723661199997878,9.723661199997878,9.723661199997878,9.723661199997878,9.723661199997878,,9.819403800007422,1,[0.09534190001431853],[0.09534430000348948],anger,1,0,,,0,,,0,,,0,,,0,,,pilot,001,2025-12-05_12h52.28.643,faces_experiment,,2025.1.1,140.86907764709878,2025-12-05 12h52.31.346670 +0100,
faces/116_m_m_d_b.jpg,disgust,15,15,0,1,[0.10507560000405647],[0.10507829999551177],0,,,0,,,0,,,0,,,0,,,0,15,15,39,9.903440299996873,,9.892720200004987,9.903440299996873,9.903440299996873,9.903440299996873,9.903440299996873,9.903440299996873,9.903440299996873,9.903440299996873,,10.008880200010026,1,[0.10507560000405647],[0.10507829999551177],anger,0,0,,,0,,,0,,,0,,,0,,,pilot,001,2025-12-05_12h52.28.643,faces_experiment,,2025.1.1,140.86907764709878,2025-12-05 12h52.31.346670 +0100,
faces/168_m_f_d_a.jpg,disgust,16,16,0,1,[0.08269110001856461],[0.08269390001078136],0,,,0,,,0,,,0,,,0,,,0,16,16,62,10.091805100004422,,10.082461899990449,10.091805100004422,10.091805100004422,10.091805100004422,10.091805100004422,10.091805100004422,10.091805100004422,10.091805100004422,,10.174898199999006,1,[0.08269110001856461],[0.08269390001078136],anger,0,0,,,0,,,0,,,0,,,0,,,pilot,001,2025-12-05_12h52.28.643,faces_experiment,,2025.1.1,140.86907764709878,2025-12-05 12h52.31.346670 +0100,
faces/168_m_f_h_b.jpg,happiness,17,17,0,1,[0.10210720001487061],[0.10210980000556447],0,,,0,,,0,,,0,,,0,,,0,17,17,67,10.257771800010232,,10.248767999990378,10.257771800010232,10.257771800010232,10.257771800010232,10.257771800010232,10.257771800010232,10.257771800010232,10.257771800010232,,10.360222599992994,1,[0.10210720001487061],[0.10210980000556447],anger,0,0,,,0,,,0,,,0,,,0,,,pilot,001,2025-12-05_12h52.28.643,faces_experiment,,2025.1.1,140.86907764709878,2025-12-05 12h52.31.346670 +0100,
faces/168_m_f_s_a.jpg,sadness,18,18,0,1,[0.07497650000732392],[0.07497919999877922],0,,,0,,,0,,,0,,,0,,,0,18,18,70,10.444392300007166,,10.435114599997178,10.444392300007166,10.444392300007166,10.444392300007166,10.444392300007166,10.444392300007166,10.444392300007166,10.444392300007166,,10.519730500003789,1,[0.07497650000732392],[0.07497919999877922],anger,0,0,,,0,,,0,,,0,,,0,,,pilot,001,2025-12-05_12h52.28.643,faces_experiment,,2025.1.1,140.86907764709878,2025-12-05 12h52.31.346670 +0100,
faces/004_o_m_s_b.jpg,sadness,19,19,0,1,[0.0753044999728445],[0.07530759999644943],0,,,0,,,0,,,0,,,0,,,0,19,19,11,10.611483699991368,,10.599376099999063,10.611483699991368,10.611483699991368,10.611483699991368,10.611483699991368,10.611483699991368,10.611483699991368,10.611483699991368,,10.687159499997506,1,[0.0753044999728445],[0.07530759999644943],anger,0,0,,,0,,,0,,,0,,,0,,,pilot,001,2025-12-05_12h52.28.643,faces_experiment,,2025.1.1,140.86907764709878,2025-12-05 12h52.31.346670 +0100,
faces/116_m_m_h_b.jpg,happiness,20,20,0,1,[0.046598600019933656],[0.04660120001062751],0,,,0,,,0,,,0,,,0,,,0,20,20,43,10.771584100002656,,10.760066299990285,10.771584100002656,10.771584100002656,10.771584100002656,10.771584100002656,10.771584100002656,10.771584100002656,10.771584100002656,,10.818564699991839,1,[0.046598600019933656],[0.04660120001062751],anger,0,0,,,0,,,0,,,0,,,0,,,pilot,001,2025-12-05_12h52.28.643,faces_experiment,,2025.1.1,140.86907764709878,2025-12-05 12h52.31.346670 +0100,
faces/079_o_f_n_a.jpg,neutrality,21,21,0,1,[0.08872379999957047],[0.08872669999254867],0,,,0,,,0,,,0,,,0,,,0,21,21,32,10.910621399991214,,10.89806849998422,10.910621399991214,10.910621399991214,10.910621399991214,10.910621399991214,10.910621399991214,10.910621399991214,10.910621399991214,,10.999761999992188,1,[0.08872379999957047],[0.08872669999254867],anger,0,0,,,0,,,0,,,0,,,0,,,pilot,001,2025-12-05_12h52.28.643,faces_experiment,,2025.1.1,140.86907764709878,2025-12-05 12h52.31.346670 +0100,
faces/140_y_f_h_b.jpg,happiness,22,22,0,1,[0.07574380000005476],[0.0757465000206139],0,,,0,,,0,,,0,,,0,,,0,22,22,55,11.090277000010246,,11.078739199991105,11.090277000010246,11.090277000010246,11.090277000010246,11.090277000010246,11.090277000010246,11.090277000010246,11.090277000010246,,11.166394600004423,1,[0.07574380000005476],[0.0757465000206139],anger,0,0,,,0,,,0,,,0,,,0,,,pilot,001,2025-12-05_12h52.28.643,faces_experiment,,2025.1.1,140.86907764709878,2025-12-05 12h52.31.346670 +0100,
faces/140_y_f_a_a.jpg,anger,23,23,0,1,[0.07910549998632632],[0.07910919998539612],0,,,0,,,0,,,0,,,0,,,0,23,23,48,11.253363900003023,,11.244703600008506,11.253363900003023,11.253363900003023,11.253363900003023,11.253363900003023,11.253363900003023,11.253363900003023,11.253363900003023,,11.332857400004286,1,[0.07910549998632632],[0.07910919998539612],anger,1,0,,,0,,,0,,,0,,,0,,,pilot,001,2025-12-05_12h52.28.643,faces_experiment,,2025.1.1,140.86907764709878,2025-12-05 12h52.31.346670 +0100,
faces/168_m_f_n_a.jpg,neutrality,24,24,0,1,[0.09320620002108626],[0.09320890001254156],0,,,0,,,0,,,0,,,0,,,0,24,24,68,11.41556930000661,,11.406209699984174,11.41556930000661,11.41556930000661,11.41556930000661,11.41556930000661,11.41556930000661,11.41556930000661,11.41556930000661,,11.509147600008873,1,[0.09320620002108626],[0.09320890001254156],anger,0,0,,,0,,,0,,,0,,,0,,,pilot,001,2025-12-05_12h52.28.643,faces_experiment,,2025.1.1,140.86907764709878,2025-12-05 12h52.31.346670 +0100,
faces/140_y_f_f_a.jpg,fear,25,25,0,1,[0.07873179999296553],[0.07873459998518229],0,,,0,,,0,,,0,,,0,,,0,25,25,52,11.59648079998442,,11.587762699986342,11.59648079998442,11.59648079998442,11.59648079998442,11.59648079998442,11.59648079998442,11.59648079998442,11.59648079998442,,11.675596699991729,1,[0.07873179999296553],[0.07873459998518229],anger,0,0,,,0,,,0,,,0,,,0,,,pilot,001,2025-12-05_12h52.28.643,faces_experiment,,2025.1.1,140.86907764709878,2025-12-05 12h52.31.346670 +0100,
faces/168_m_f_d_b.jpg,disgust,26,26,0,1,[0.08390629998757504],[0.08390999998664483],0,,,0,,,0,,,0,,,0,,,0,26,26,63,11.759114099986618,,11.74948579998454,11.759114099986618,11.759114099986618,11.759114099986618,11.759114099986618,11.759114099986618,11.759114099986618,11.759114099986618,,11.843407499982277,1,[0.08390629998757504],[0.08390999998664483],anger,0,0,,,0,,,0,,,0,,,0,,,pilot,001,2025-12-05_12h52.28.643,faces_experiment,,2025.1.1,140.86907764709878,2025-12-05 12h52.31.346670 +0100,
faces/168_m_f_h_a.jpg,happiness,27,27,0,1,[0.07767800000146963],[0.07768069999292493],0,,,0,,,0,,,0,,,0,,,0,27,27,66,11.928611799987266,,11.918345799989766,11.928611799987266,11.928611799987266,11.928611799987266,11.928611799987266,11.928611799987266,11.928611799987266,11.928611799987266,,12.006658199999947,1,[0.07767800000146963],[0.07768069999292493],anger,0,0,,,0,,,0,,,0,,,0,,,pilot,001,2025-12-05_12h52.28.643,faces_experiment,,2025.1.1,140.86907764709878,2025-12-05 12h52.31.346670 +0100,
faces/116_m_m_f_b.jpg,fear,28,28,0,1,[0.09637650000513531],[0.09637929999735206],0,,,0,,,0,,,0,,,0,,,0,28,28,41,12.090490000002319,,12.081372499989811,12.090490000002319,12.090490000002319,12.090490000002319,12.090490000002319,12.090490000002319,12.090490000002319,12.090490000002319,,12.187235099991085,1,[0.09637650000513531],[0.09637929999735206],anger,0,0,,,0,,,0,,,0,,,0,,,pilot,001,2025-12-05_12h52.28.643,faces_experiment,,2025.1.1,140.86907764709878,2025-12-05 12h52.31.346670 +0100,
faces/004_o_m_h_a.jpg,happiness,29,29,0,1,[0.07027130000642501],[0.07027409999864176],0,,,0,,,0,,,0,,,0,,,0,29,29,6,12.271403299993835,,12.261876700009452,12.271403299993835,12.271403299993835,12.271403299993835,12.271403299993835,12.271403299993835,12.271403299993835,12.271403299993835,,12.342044299992267,1,[0.07027130000642501],[0.07027409999864176],anger,0,0,,,0,,,0,,,0,,,0,,,pilot,001,2025-12-05_12h52.28.643,faces_experiment,,2025.1.1,140.86907764709878,2025-12-05 12h52.31.346670 +0100,
faces/079_o_f_f_b.jpg,fear,30,30,0,1,[0.07694630001788028],[0.07694890000857413],0,,,0,,,0,,,0,,,0,,,0,30,30,29,12.42973879998317,,12.420366400008788,12.42973879998317,12.42973879998317,12.42973879998317,12.42973879998317,12.42973879998317,12.42973879998317,12.42973879998317,,12.507059700001264,1,[0.07694630001788028],[0.07694890000857413],anger,0,0,,,0,,,0,,,0,,,0,,,pilot,001,2025-12-05_12h52.28.643,faces_experiment,,2025.1.1,140.86907764709878,2025-12-05 12h52.31.346670 +0100,
faces/116_m_m_a_b.jpg,anger,31,31,0,1,[0.11256819998379797],[0.11257110000588],0,,,0,,,0,,,0,,,0,,,0,31,31,37,12.587628599983873,,12.578745100006927,12.587628599983873,12.587628599983873,12.587628599983873,12.587628599983873,12.587628599983873,12.587628599983873,12.587628599983873,,12.700551199988695,1,[0.11256819998379797],[0.11257110000588],anger,1,0,,,0,,,0,,,0,,,0,,,pilot,001,2025-12-05_12h52.28.643,faces_experiment,,2025.1.1,140.86907764709878,2025-12-05 12h52.31.346670 +0100,
faces/066_y_m_n_a.jpg,neutrality,32,32,0,1,[0.10985259999870323],[0.10985499998787418],0,,,0,,,0,,,0,,,0,,,0,32,32,20,12.785100300010527,,12.775844199990388,12.785100300010527,12.785100300010527,12.785100300010527,12.785100300010527,12.785100300010527,12.785100300010527,12.785100300010527,,12.895327600010205,1,[0.10985259999870323],[0.10985499998787418],anger,0,0,,,0,,,0,,,0,,,0,,,pilot,001,2025-12-05_12h52.28.643,faces_experiment,,2025.1.1,140.86907764709878,2025-12-05 12h52.31.346670 +0100,
faces/066_y_m_n_b.jpg,neutrality,33,33,0,1,[0.10294779998366721],[0.10295029997359961],0,,,0,,,0,,,0,,,0,,,0,33,33,21,12.979727099998854,,12.968690999987302,12.979727099998854,12.979727099998854,12.979727099998854,12.979727099998854,12.979727099998854,12.979727099998854,12.979727099998854,,13.08304679999128,1,[0.10294779998366721],[0.10295029997359961],anger,0,0,,,0,,,0,,,0,,,0,,,pilot,001,2025-12-05_12h52.28.643,faces_experiment,,2025.1.1,140.86907764709878,2025-12-05 12h52.31.346670 +0100,
faces/079_o_f_h_a.jpg,happiness,34,34,0,1,[0.08888539997860789],[0.08888809999916703],0,,,0,,,0,,,0,,,0,,,0,34,34,30,13.174170199985383,,13.162860599986743,13.174170199985383,13.174170199985383,13.174170199985383,13.174170199985383,13.174170199985383,13.174170199985383,13.174170199985383,,13.263424800010398,1,[0.08888539997860789],[0.08888809999916703],anger,0,0,,,0,,,0,,,0,,,0,,,pilot,001,2025-12-05_12h52.28.643,faces_experiment,,2025.1.1,140.86907764709878,2025-12-05 12h52.31.346670 +0100,
faces/168_m_f_a_b.jpg,anger,35,35,0,1,[0.1025898999942001],[0.10259250001399778],0,,,0,,,0,,,0,,,0,,,0,35,35,61,13.34791710000718,,13.336761899990961,13.34791710000718,13.34791710000718,13.34791710000718,13.34791710000718,13.34791710000718,13.34791710000718,13.34791710000718,,13.450894299981883,1,[0.1025898999942001],[0.10259250001399778],anger,1,0,,,0,,,0,,,0,,,0,,,pilot,001,2025-12-05_12h52.28.643,faces_experiment,,2025.1.1,140.86907764709878,2025-12-05 12h52.31.346670 +0100,
faces/168_m_f_a_a.jpg,anger,36,36,0,1,[0.0930707999796141],[0.09307319999788888],0,,,0,,,0,,,0,,,0,,,0,36,36,60,13.53094830000191,,13.521547299984377,13.53094830000191,13.53094830000191,13.53094830000191,13.53094830000191,13.53094830000191,13.53094830000191,13.53094830000191,,13.624385400005849,1,[0.0930707999796141],[0.09307319999788888],anger,1,0,,,0,,,0,,,0,,,0,,,pilot,001,2025-12-05_12h52.28.643,faces_experiment,,2025.1.1,140.86907764709878,2025-12-05 12h52.31.346670 +0100,
faces/168_m_f_n_b.jpg,neutrality,37,37,0,1,[0.08914360002381727],[0.08914610001374967],0,,,0,,,0,,,0,,,0,,,0,37,37,69,13.708830099989427,,13.69721019998542,13.708830099989427,13.708830099989427,13.708830099989427,13.708830099989427,13.708830099989427,13.708830099989427,13.708830099989427,,13.798339100001613,1,[0.08914360002381727],[0.08914610001374967],anger,0,0,,,0,,,0,,,0,,,0,,,pilot,001,2025-12-05_12h52.28.643,faces_experiment,,2025.1.1,140.86907764709878,2025-12-05 12h52.31.346670 +0100,
faces/066_y_m_h_a.jpg,happiness,38,38,0,1,[0.09230409999145195],[0.0923068999836687],0,,,0,,,0,,,0,,,0,,,0,38,38,18,13.882632499997271,,13.872838599985698,13.882632499997271,13.882632499997271,13.882632499997271,13.882632499997271,13.882632499997271,13.882632499997271,13.882632499997271,,13.97530980000738,1,[0.09230409999145195],[0.0923068999836687],anger,0,0,,,0,,,0,,,0,,,0,,,pilot,001,2025-12-05_12h52.28.643,faces_experiment,,2025.1.1,140.86907764709878,2025-12-05 12h52.31.346670 +0100,
faces/140_y_f_h_a.jpg,happiness,39,39,0,1,[0.07608430000254884],[0.07609940000111237],0,,,0,,,0,,,0,,,0,,,0,39,39,54,14.076951099996222,,14.068328900000779,14.076951099996222,14.076951099996222,14.076951099996222,14.076951099996222,14.076951099996222,14.076951099996222,14.076951099996222,,14.15355049999198,1,[0.07608430000254884],[0.07609940000111237],anger,0,0,,,0,,,0,,,0,,,0,,,pilot,001,2025-12-05_12h52.28.643,faces_experiment,,2025.1.1,140.86907764709878,2025-12-05 12h52.31.346670 +0100,
faces/168_m_f_f_a.jpg,fear,40,40,0,1,[0.08813469999586232],[0.08813729998655617],0,,,0,,,0,,,0,,,0,,,0,40,40,64,14.237308299983852,,14.22459080000408,14.237308299983852,14.237308299983852,14.237308299983852,14.237308299983852,14.237308299983852,14.237308299983852,14.237308299983852,,14.32579679999617,1,[0.08813469999586232],[0.08813729998655617],anger,0,0,,,0,,,0,,,0,,,0,,,pilot,001,2025-12-05_12h52.28.643,faces_experiment,,2025.1.1,140.86907764709878,2025-12-05 12h52.31.346670 +0100,
faces/079_o_f_s_a.jpg,sadness,41,41,0,1,[0.09510839998256415],[0.095110999973258],0,,,0,,,0,,,0,,,0,,,0,41,41,34,14.413905599998543,,14.40470600000117,14.413905599998543,14.413905599998543,14.413905599998543,14.413905599998543,14.413905599998543,14.413905599998543,14.413905599998543,,14.509382799995365,1,[0.09510839998256415],[0.095110999973258],anger,0,0,,,0,,,0,,,0,,,0,,,pilot,001,2025-12-05_12h52.28.643,faces_experiment,,2025.1.1,140.86907764709878,2025-12-05 12h52.31.346670 +0100,
faces/004_o_m_d_b.jpg,disgust,42,42,0,1,[0.14646379998885095],[0.14646650000941008],0,,,0,,,0,,,0,,,0,,,0,42,42,3,14.592067799996585,,14.583201700006612,14.592067799996585,14.592067799996585,14.592067799996585,14.592067799996585,14.592067799996585,14.592067799996585,14.592067799996585,,14.738884299993515,1,[0.14646379998885095],[0.14646650000941008],anger,0,0,,,0,,,0,,,0,,,0,,,pilot,001,2025-12-05_12h52.28.643,faces_experiment,,2025.1.1,140.86907764709878,2025-12-05 12h52.31.346670 +0100,
faces/140_y_f_f_b.jpg,fear,43,43,0,1,[0.08988549999776296],[0.08988809998845682],0,,,0,,,0,,,0,,,0,,,0,43,43,53,14.826100000005681,,14.81653370001004,14.826100000005681,14.826100000005681,14.826100000005681,14.826100000005681,14.826100000005681,14.826100000005681,14.826100000005681,,14.916376499983016,1,[0.08988549999776296],[0.08988809998845682],anger,0,0,,,0,,,0,,,0,,,0,,,pilot,001,2025-12-05_12h52.28.643,faces_experiment,,2025.1.1,140.86907764709878,2025-12-05 12h52.31.346670 +0100,
faces/066_y_m_s_b.jpg,sadness,44,44,0,1,[0.06926499999826774],[0.06926759998896159],0,,,0,,,0,,,0,,,0,,,0,44,44,23,14.999960399989504,,14.989863399998285,14.999960399989504,14.999960399989504,14.999960399989504,14.999960399989504,14.999960399989504,14.999960399989504,14.999960399989504,,15.06960399998934,1,[0.06926499999826774],[0.06926759998896159],anger,0,0,,,0,,,0,,,0,,,0,,,pilot,001,2025-12-05_12h52.28.643,faces_experiment,,2025.1.1,140.86907764709878,2025-12-05 12h52.31.346670 +0100,
faces/140_y_f_d_a.jpg,disgust,45,45,0,1,[0.09313799999654293],[0.09314070001710206],0,,,0,,,0,,,0,,,0,,,0,45,45,50,15.15596390000428,,15.147059999988414,15.15596390000428,15.15596390000428,15.15596390000428,15.15596390000428,15.15596390000428,15.15596390000428,15.15596390000428,,15.249463999993168,1,[0.09313799999654293],[0.09314070001710206],anger,0,0,,,0,,,0,,,0,,,0,,,pilot,001,2025-12-05_12h52.28.643,faces_experiment,,2025.1.1,140.86907764709878,2025-12-05 12h52.31.346670 +0100,
faces/004_o_m_a_a.jpg,anger,46,46,0,1,[0.09803309998824261],[0.09803669998655096],0,,,0,,,0,,,0,,,0,,,0,46,46,0,15.332321299996693,,15.324333500000648,15.332321299996693,15.332321299996693,15.332321299996693,15.332321299996693,15.332321299996693,15.332321299996693,15.332321299996693,,15.430743200005963,1,[0.09803309998824261],[0.09803669998655096],anger,1,0,,,0,,,0,,,0,,,0,,,pilot,001,2025-12-05_12h52.28.643,faces_experiment,,2025.1.1,140.86907764709878,2025-12-05 12h52.31.346670 +0100,
faces/140_y_f_s_b.jpg,sadness,47,47,0,1,[0.0864220000221394],[0.08642480001435615],0,,,0,,,0,,,0,,,0,,,0,47,47,59,15.520725100010168,,15.509952199994586,15.520725100010168,15.520725100010168,15.520725100010168,15.520725100010168,15.520725100010168,15.520725100010168,15.520725100010168,,15.607552200002829,1,[0.0864220000221394],[0.08642480001435615],anger,0,0,,,0,,,0,,,0,,,0,,,pilot,001,2025-12-05_12h52.28.643,faces_experiment,,2025.1.1,140.86907764709878,2025-12-05 12h52.31.346670 +0100,
faces/168_m_f_f_b.jpg,fear,48,48,0,1,[0.10989160000463016],[0.10989419999532402],0,,,0,,,0,,,0,,,0,,,0,48,48,65,15.688225799996872,,15.678877500002272,15.688225799996872,15.688225799996872,15.688225799996872,15.688225799996872,15.688225799996872,15.688225799996872,15.688225799996872,,15.798474000010174,1,[0.10989160000463016],[0.10989419999532402],anger,0,0,,,0,,,0,,,0,,,0,,,pilot,001,2025-12-05_12h52.28.643,faces_experiment,,2025.1.1,140.86907764709878,2025-12-05 12h52.31.346670 +0100,
faces/079_o_f_a_b.jpg,anger,49,49,0,1,[0.11164800002006814],[0.11165050001000054],0,,,0,,,0,,,0,,,0,,,0,49,49,25,15.887568999984069,,15.878081800008658,15.887568999984069,15.887568999984069,15.887568999984069,15.887568999984069,15.887568999984069,15.887568999984069,15.887568999984069,,15.999573100009002,1,[0.11164800002006814],[0.11165050001000054],anger,1,0,,,0,,,0,,,0,,,0,,,pilot,001,2025-12-05_12h52.28.643,faces_experiment,,2025.1.1,140.86907764709878,2025-12-05 12h52.31.346670 +0100,
faces/116_m_m_s_a.jpg,sadness,50,50,0,1,[0.12779670002055354],[0.12779960001353174],0,,,0,,,0,,,0,,,0,,,0,50,50,46,16.08244850000483,,16.073740499996347,16.08244850000483,16.08244850000483,16.08244850000483,16.08244850000483,16.08244850000483,16.08244850000483,16.08244850000483,,16.21060990000842,1,[0.12779670002055354],[0.12779960001353174],anger,0,0,,,0,,,0,,,0,,,0,,,pilot,001,2025-12-05_12h52.28.643,faces_experiment,,2025.1.1,140.86907764709878,2025-12-05 12h52.31.346670 +0100,
faces/066_y_m_f_a.jpg,fear,51,51,0,1,[0.11147619999246672],[0.11147889998392202],0,,,0,,,0,,,0,,,0,,,0,51,51,16,16.29354839998996,,16.284303399996134,16.29354839998996,16.29354839998996,16.29354839998996,16.29354839998996,16.29354839998996,16.29354839998996,16.29354839998996,,16.40539249998983,1,[0.11147619999246672],[0.11147889998392202],anger,0,0,,,0,,,0,,,0,,,0,,,pilot,001,2025-12-05_12h52.28.643,faces_experiment,,2025.1.1,140.86907764709878,2025-12-05 12h52.31.346670 +0100,
faces/168_m_f_s_b.jpg,sadness,52,52,0,1,[0.12510830000974238],[0.12511120000272058],0,,,0,,,0,,,0,,,0,,,0,52,52,71,16.48553800000809,,16.476464300008956,16.48553800000809,16.48553800000809,16.48553800000809,16.48553800000809,16.48553800000809,16.48553800000809,16.48553800000809,,16.611026900005527,1,[0.12510830000974238],[0.12511120000272058],anger,0,0,,,0,,,0,,,0,,,0,,,pilot,001,2025-12-05_12h52.28.643,faces_experiment,,2025.1.1,140.86907764709878,2025-12-05 12h52.31.346670 +0100,
faces/004_o_m_f_a.jpg,fear,53,53,0,1,[0.11568489999626763],[0.11568839999381453],0,,,0,,,0,,,0,,,0,,,0,53,53,4,16.692582799994852,,16.68360789999133,16.692582799994852,16.692582799994852,16.692582799994852,16.692582799994852,16.692582799994852,16.692582799994852,16.692582799994852,,16.80866270000115,1,[0.11568489999626763],[0.11568839999381453],anger,0,0,,,0,,,0,,,0,,,0,,,pilot,001,2025-12-05_12h52.28.643,faces_experiment,,2025.1.1,140.86907764709878,2025-12-05 12h52.31.346670 +0100,
faces/140_y_f_d_b.jpg,disgust,54,54,0,1,[0.09621699998388067],[0.09621969997533597],0,,,0,,,0,,,0,,,0,,,0,54,54,51,16.895892300002743,,16.88740649999818,16.895892300002743,16.895892300002743,16.895892300002743,16.895892300002743,16.895892300002743,16.895892300002743,16.895892300002743,,16.99247609998565,1,[0.09621699998388067],[0.09621969997533597],anger,0,0,,,0,,,0,,,0,,,0,,,pilot,001,2025-12-05_12h52.28.643,faces_experiment,,2025.1.1,140.86907764709878,2025-12-05 12h52.31.346670 +0100,
faces/004_o_m_d_a.jpg,disgust,55,55,0,1,[0.09873299999162555],[0.0987355999823194],0,,,0,,,0,,,0,,,0,,,0,55,55,2,17.076475599984406,,17.06342369999038,17.076475599984406,17.076475599984406,17.076475599984406,17.076475599984406,17.076475599984406,17.076475599984406,17.076475599984406,,17.175569899991388,1,[0.09873299999162555],[0.0987355999823194],anger,0,0,,,0,,,0,,,0,,,0,,,pilot,001,2025-12-05_12h52.28.643,faces_experiment,,2025.1.1,140.86907764709878,2025-12-05 12h52.31.346670 +0100,
faces/004_o_m_a_b.jpg,anger,56,56,0,1,[0.09696199998143129],[0.09696470000199042],0,,,0,,,0,,,0,,,0,,,0,56,56,1,17.25614419998601,,17.246766600001138,17.25614419998601,17.25614419998601,17.25614419998601,17.25614419998601,17.25614419998601,17.25614419998601,17.25614419998601,,17.35346529999515,1,[0.09696199998143129],[0.09696470000199042],anger,1,0,,,0,,,0,,,0,,,0,,,pilot,001,2025-12-05_12h52.28.643,faces_experiment,,2025.1.1,140.86907764709878,2025-12-05 12h52.31.346670 +0100,
faces/079_o_f_f_a.jpg,fear,57,57,0,1,[0.09006330001284368],[0.09006590000353754],0,,,0,,,0,,,0,,,0,,,0,57,57,28,17.44414649999817,,17.431647599994903,17.44414649999817,17.44414649999817,17.44414649999817,17.44414649999817,17.44414649999817,17.44414649999817,17.44414649999817,,17.534595600009197,1,[0.09006330001284368],[0.09006590000353754],anger,0,0,,,0,,,0,,,0,,,0,,,pilot,001,2025-12-05_12h52.28.643,faces_experiment,,2025.1.1,140.86907764709878,2025-12-05 12h52.31.346670 +0100,
faces/004_o_m_h_b.jpg,happiness,58,58,0,1,[0.07947009999770671],[0.07947269998840056],0,,,0,,,0,,,0,,,0,,,0,58,58,7,17.61402239999734,,17.604058600001736,17.61402239999734,17.61402239999734,17.61402239999734,17.61402239999734,17.61402239999734,17.61402239999734,17.61402239999734,,17.693871399998898,1,[0.07947009999770671],[0.07947269998840056],anger,0,0,,,0,,,0,,,0,,,0,,,pilot,001,2025-12-05_12h52.28.643,faces_experiment,,2025.1.1,140.86907764709878,2025-12-05 12h52.31.346670 +0100,
faces/116_m_m_n_b.jpg,neutrality,59,59,0,1,[0.09824349998962134],[0.09824619998107664],0,,,0,,,0,,,0,,,0,,,0,59,59,45,17.77824959999998,,17.76425519998884,17.77824959999998,17.77824959999998,17.77824959999998,17.77824959999998,17.77824959999998,17.77824959999998,17.77824959999998,,17.876875099987956,1,[0.09824349998962134],[0.09824619998107664],anger,0,0,,,0,,,0,,,0,,,0,,,pilot,001,2025-12-05_12h52.28.643,faces_experiment,,2025.1.1,140.86907764709878,2025-12-05 12h52.31.346670 +0100,
faces/004_o_m_s_a.jpg,sadness,60,60,0,1,[0.12497679999796674],[0.12497929998789914],0,,,0,,,0,,,0,,,0,,,0,60,60,10,17.957254999986617,,17.94799069999135,17.957254999986617,17.957254999986617,17.957254999986617,17.957254999986617,17.957254999986617,17.957254999986617,17.957254999986617,,18.082615799998166,1,[0.12497679999796674],[0.12497929998789914],anger,0,0,,,0,,,0,,,0,,,0,,,pilot,001,2025-12-05_12h52.28.643,faces_experiment,,2025.1.1,140.86907764709878,2025-12-05 12h52.31.346670 +0100,
faces/066_y_m_a_a.jpg,anger,61,61,0,1,[0.1267539999971632],[0.1267566999886185],0,,,0,,,0,,,0,,,0,,,0,61,61,12,18.16396979999263,,18.154770299996017,18.16396979999263,18.16396979999263,18.16396979999263,18.16396979999263,18.16396979999263,18.16396979999263,18.16396979999263,,18.291088099998888,1,[0.1267539999971632],[0.1267566999886185],anger,1,0,,,0,,,0,,,0,,,0,,,pilot,001,2025-12-05_12h52.28.643,faces_experiment,,2025.1.1,140.86907764709878,2025-12-05 12h52.31.346670 +0100,
faces/116_m_m_f_a.jpg,fear,62,62,0,1,[0.11625270001241006],[0.11625540000386536],0,,,0,,,0,,,0,,,0,,,0,62,62,40,18.376339799986454,,18.36418269999558,18.376339799986454,18.376339799986454,18.376339799986454,18.376339799986454,18.376339799986454,18.376339799986454,18.376339799986454,,18.492941500007873,1,[0.11625270001241006],[0.11625540000386536],anger,0,0,,,0,,,0,,,0,,,0,,,pilot,001,2025-12-05_12h52.28.643,faces_experiment,,2025.1.1,140.86907764709878,2025-12-05 12h52.31.346670 +0100,
faces/066_y_m_d_b.jpg,disgust,63,63,0,1,[0.3277416000200901],[0.3277439000084996],0,,,0,,,0,,,0,,,0,,,0,63,63,15,18.57749219998368,,18.56372440000996,18.57749219998368,18.57749219998368,18.57749219998368,18.57749219998368,18.57749219998368,18.57749219998368,18.57749219998368,,18.905628799984697,1,[0.3277416000200901],[0.3277439000084996],anger,0,0,,,0,,,0,,,0,,,0,,,pilot,001,2025-12-05_12h52.28.643,faces_experiment,,2025.1.1,140.86907764709878,2025-12-05 12h52.31.346670 +0100,
faces/004_o_m_n_a.jpg,neutrality,64,64,0,1,[0.09522689998266287],[0.095229600003222],0,,,0,,,0,,,0,,,0,,,0,64,64,8,18.987180700001772,,18.977452199993422,18.987180700001772,18.987180700001772,18.987180700001772,18.987180700001772,18.987180700001772,18.987180700001772,18.987180700001772,,19.082784099999117,1,[0.09522689998266287],[0.095229600003222],anger,0,0,,,0,,,0,,,0,,,0,,,pilot,001,2025-12-05_12h52.28.643,faces_experiment,,2025.1.1,140.86907764709878,2025-12-05 12h52.31.346670 +0100,
faces/066_y_m_s_a.jpg,sadness,65,65,0,1,[0.1262214999878779],[0.1262249999854248],0,,,0,,,0,,,0,,,0,,,0,65,65,22,19.165220499999123,,19.15553180000279,19.165220499999123,19.165220499999123,19.165220499999123,19.165220499999123,19.165220499999123,19.165220499999123,19.165220499999123,,19.29180139998789,1,[0.1262214999878779],[0.1262249999854248],anger,0,0,,,0,,,0,,,0,,,0,,,pilot,001,2025-12-05_12h52.28.643,faces_experiment,,2025.1.1,140.86907764709878,2025-12-05 12h52.31.346670 +0100,
faces/066_y_m_f_b.jpg,fear,66,66,0,1,[0.11690969998016953],[0.11691240000072867],0,,,0,,,0,,,0,,,0,,,0,66,66,17,19.375780000002123,,19.36150460000499,19.375780000002123,19.375780000002123,19.375780000002123,19.375780000002123,19.375780000002123,19.375780000002123,19.375780000002123,,19.49307339999359,1,[0.11690969998016953],[0.11691240000072867],anger,0,0,,,0,,,0,,,0,,,0,,,pilot,001,2025-12-05_12h52.28.643,faces_experiment,,2025.1.1,140.86907764709878,2025-12-05 12h52.31.346670 +0100,
faces/140_y_f_s_a.jpg,sadness,67,67,0,1,[1.3122091999975964],[1.3122119999898132],0,,,0,,,0,,,0,,,0,,,0,67,67,58,19.59309700000449,,19.584057500003837,19.59309700000449,19.59309700000449,19.59309700000449,19.59309700000449,19.59309700000449,19.59309700000449,19.59309700000449,20.58832799998345,20.905796699982602,1,[1.3122091999975964],[1.3122119999898132],anger,0,0,,,0,,,0,,,0,,,0,,,pilot,001,2025-12-05_12h52.28.643,faces_experiment,,2025.1.1,140.86907764709878,2025-12-05 12h52.31.346670 +0100,
faces/066_y_m_a_b.jpg,anger,68,68,0,1,[1.2862642999971285],[1.2862669999885838],0,,,0,,,0,,,0,,,0,,,0,68,68,13,20.989569700002903,,20.97843859999557,20.989569700002903,20.989569700002903,20.989569700002903,20.989569700002903,20.989569700002903,20.989569700002903,20.989569700002903,21.998322100000223,22.276190200005658,1,[1.2862642999971285],[1.2862669999885838],anger,1,0,,,0,,,0,,,0,,,0,,,pilot,001,2025-12-05_12h52.28.643,faces_experiment,,2025.1.1,140.86907764709878,2025-12-05 12h52.31.346670 +0100,
faces/116_m_m_s_b.jpg,sadness,69,69,0,1,[0.23115770000731573],[0.23116080000181682],0,,,0,,,0,,,0,,,0,,,0,69,69,47,22.3589229999925,,22.348406000004616,22.3589229999925,22.3589229999925,22.3589229999925,22.3589229999925,22.3589229999925,22.3589229999925,22.3589229999925,,22.590448300004937,1,[0.23115770000731573],[0.23116080000181682],anger,0,0,,,0,,,0,,,0,,,0,,,pilot,001,2025-12-05_12h52.28.643,faces_experiment,,2025.1.1,140.86907764709878,2025-12-05 12h52.31.346670 +0100,
faces/079_o_f_a_a.jpg,anger,70,70,0,1,[0.09193220001179725],[0.09193490000325255],0,,,0,,,0,,,0,,,0,,,0,70,70,24,22.681772199983243,,22.669240599992918,22.681772199983243,22.681772199983243,22.681772199983243,22.681772199983243,22.681772199983243,22.681772199983243,22.681772199983243,,22.77410029998282,1,[0.09193220001179725],[0.09193490000325255],anger,1,0,,,0,,,0,,,0,,,0,,,pilot,001,2025-12-05_12h52.28.643,faces_experiment,,2025.1.1,140.86907764709878,2025-12-05 12h52.31.346670 +0100,
faces/004_o_m_f_b.jpg,fear,71,71,0,1,[0.09520899999188259],[0.0952116999833379],0,,,0,,,0,,,0,,,0,,,0,71,71,5,22.855206899985205,,22.843965499982005,22.855206899985205,22.855206899985205,22.855206899985205,22.855206899985205,22.855206899985205,22.855206899985205,22.855206899985205,,22.95078049998847,1,[0.09520899999188259],[0.0952116999833379],anger,0,0,,,0,,,0,,,0,,,0,,,pilot,001,2025-12-05_12h52.28.643,faces_experiment,,2025.1.1,140.86907764709878,2025-12-05 12h52.31.346670 +0100,
